SET session_replication_role = replica;
INSERT INTO "user" ("id", "email", "roles", "password", "first_name", "last_name", "security_pin", "store_name", "address1", "address2", "address3", "default_address_index", "failed_pin_attempts", "pin_lockout_until") VALUES (1, 'seller@addmecart.com', '["ROLE_SELLER"]', '$2y$13$6bHZQSJXtTq/YaGBEl8/6OYPdTbPDD6J5P/7BqZNKIGF/eZHy1gKO', 'seller', 'one', 1234, 'Gadget''s Store', NULL, NULL, NULL, 0, 0, NULL);
INSERT INTO "user" ("id", "email", "roles", "password", "first_name", "last_name", "security_pin", "store_name", "address1", "address2", "address3", "default_address_index", "failed_pin_attempts", "pin_lockout_until") VALUES (2, 'customer1@addmecart.com', '["ROLE_CUSTOMER"]', '$2y$13$LbnNBK.B2PEgoPVgtzCQqensU5FpB/rNWh/2w9wToAgs4FUB0y2km', 'customer', 'one', 1234, NULL, 'Cebu City', NULL, NULL, 0, 0, NULL);
INSERT INTO "user" ("id", "email", "roles", "password", "first_name", "last_name", "security_pin", "store_name", "address1", "address2", "address3", "default_address_index", "failed_pin_attempts", "pin_lockout_until") VALUES (3, 'admin@addmecart.com', '["ROLE_ADMIN"]', '$2y$13$7iu.Gh2Cb02D13tDedhchO6.3sPCdzqRiDpPqXudAs9G1BXEPxiCO', 'admin', 'addmecart', 1234, NULL, NULL, NULL, NULL, NULL, 0, NULL);
INSERT INTO "user" ("id", "email", "roles", "password", "first_name", "last_name", "security_pin", "store_name", "address1", "address2", "address3", "default_address_index", "failed_pin_attempts", "pin_lockout_until") VALUES (4, 'pacevaun@gmail.com', '["ROLE_CUSTOMER"]', '$2y$13$ae0.m8fl1snkiTV4yFhva.cDv.XH8GcYbsCAHFn/03ExHqnhIKsOC', 'Michael', 'Pace', 8115, NULL, NULL, NULL, NULL, NULL, 0, NULL);
INSERT INTO "user" ("id", "email", "roles", "password", "first_name", "last_name", "security_pin", "store_name", "address1", "address2", "address3", "default_address_index", "failed_pin_attempts", "pin_lockout_until") VALUES (5, 'sellertwo@addmecart.com', '["ROLE_SELLER"]', '$2y$13$Q49epd1WDsX97F370HKFaebVV9eqavp41emSYSlDrMogAnsPgsXJi', 'seller', 'two', 1234, 'Nokia Enthusiast', NULL, NULL, NULL, 0, 0, NULL);
INSERT INTO "user" ("id", "email", "roles", "password", "first_name", "last_name", "security_pin", "store_name", "address1", "address2", "address3", "default_address_index", "failed_pin_attempts", "pin_lockout_until") VALUES (6, 'customertwo@addmecart.com', '["ROLE_CUSTOMER"]', '$2y$13$PF2wtDI.zZgC88pfXCJ96.TzwlZ1iQVCI0ao7XXyaiJaSm7XAET6a', 'customer', 'two', 1234, NULL, 'Capitol Cebu', NULL, NULL, 0, 0, NULL);
INSERT INTO "user" ("id", "email", "roles", "password", "first_name", "last_name", "security_pin", "store_name", "address1", "address2", "address3", "default_address_index", "failed_pin_attempts", "pin_lockout_until") VALUES (7, 'seller2@addmecart.com', '["ROLE_SELLER"]', '$2y$13$FoYU0ooqRWmxOkoCDe5fY.PZinjIMGJLi7YsS3DJrMTmp8JfxWfKa', 'seller', 'two', 1234, 'General Merchandise', NULL, NULL, NULL, 0, 0, NULL);
INSERT INTO "user" ("id", "email", "roles", "password", "first_name", "last_name", "security_pin", "store_name", "address1", "address2", "address3", "default_address_index", "failed_pin_attempts", "pin_lockout_until") VALUES (8, 'dhanjacobolmilla@gmail.com', '["ROLE_CUSTOMER"]', '$2y$13$N0kklET1WqZjRnOS/6N4ruuHuGKuYGozZQs8TGhY44l4.LT5GJJE.', 'Dhan Jacob', 'Olmilla', 1234, NULL, 'Cebu City', NULL, NULL, 0, 0, NULL);
INSERT INTO "user" ("id", "email", "roles", "password", "first_name", "last_name", "security_pin", "store_name", "address1", "address2", "address3", "default_address_index", "failed_pin_attempts", "pin_lockout_until") VALUES (9, 'demonstration@addmecart.com', '["ROLE_CUSTOMER"]', '$2y$13$wCknnRSPt7.c9NuXxMArAeuOizqrTaKr5HnaVYkkEnEcB1DSDj5U2', 'Demo', 'nStration', 1234, NULL, 'Cebu City', NULL, NULL, 0, 0, NULL);
SELECT setval('"user_id_seq"', (SELECT MAX(id) FROM "user"));
INSERT INTO "product" ("id", "name", "description", "price", "sale_price", "stock_quantity", "category", "thumbnail_image", "star_rating", "seller_id") VALUES (1, 'Nokia 105 2019 Charcoal Black', 'The Nokia 105 (2019) in Charcoal Black is a simple and dependable feature phone designed for basic communication and everyday convenience. It features a compact and lightweight design with a durable polycarbonate body that helps protect it from daily wear and tear. The phone comes with a 1.77-inch display that provides a clear and easy-to-use interface for calling and texting. It also includes practical features such as dual SIM support, a built-in FM radio, a flashlight, and classic games like Snake for light entertainment. Powered by an 800mAh removable battery, the Nokia 105 (2019) offers long-lasting battery life that can stay on standby for days, making it ideal as a backup phone or for users who prefer a distraction-free mobile experience focused on essential functions.', 3999, 2999, 43, 'Electronics', 'https://encrypted-tbn0.gstatic.com/images?q=tbn:ANd9GcR3DB8yNIKLtVb8wB7zv3RXKFIyaoOMgzZ5xQ&s', NULL, 1);
INSERT INTO "product" ("id", "name", "description", "price", "sale_price", "stock_quantity", "category", "thumbnail_image", "star_rating", "seller_id") VALUES (2, 'Razer Kraken Kitty V2 BT Wireless Bluetooth RGB Headset with Kitty Ears', 'Unleash your killer kitty style anywhere with the Razer Kraken Kitty V2 BT—a wireless Bluetooth headset for gaming and IRL streaming.

Key Features:
Connectivity: Bluetooth 5.2 with low-latency Gaming Mode.

Lighting: Razer Chroma RGB on ears and earcups.

Battery: Up to 40 hours with lighting, up to 60 hours without.

Audio: Razer TriForce 40mm drivers.', 6080, 5600, 315, 'Electronics', 'https://ecommerce.datablitz.com.ph/cdn/shop/files/srtnsrn_130x.jpg?v=1743048869', NULL, 1);
INSERT INTO "product" ("id", "name", "description", "price", "sale_price", "stock_quantity", "category", "thumbnail_image", "star_rating", "seller_id") VALUES (3, 'Nokia 3310', 'The Nokia 3310 is one of the most iconic mobile phones ever created. Released in 2000 by Nokia
, it quickly became popular because of its simple design, strong durability, and exceptionally long battery life. Unlike modern smartphones, the Nokia 3310 focused mainly on basic communication features such as calling and texting, making it easy and reliable for everyday use. It featured a monochrome screen, a physical keypad, and useful built-in tools like an alarm clock, calculator, and calendar. The phone was also well known for including the classic game Snake II, which became a favorite pastime for many users. Over the years, the Nokia 3310 gained legendary status due to its reputation for being nearly indestructible, and it remains a symbol of early mobile phone technology and reliability.', 2499, NULL, 49, 'Electronics', 'https://static.wikitide.net/lpcwikiwiki/thumb/f/fa/Nokia_3310.jpg/900px-Nokia_3310.jpg', NULL, 5);
INSERT INTO "product" ("id", "name", "description", "price", "sale_price", "stock_quantity", "category", "thumbnail_image", "star_rating", "seller_id") VALUES (4, 'AIRism Cotton Striped Oversized T-Shirt', 'The Uniqlo U collection is the realization of a dedicated and skilled team of international designers based at our Paris Research and Development Center led by Artistic Director Christophe Lemaire.

- Smooth ''AIRism'' fabric with the look of cotton.
- Narrow crew neck for a sleek look.
- Wide-fitting half-sleeve T-shirt with dropped shoulders.
- Double-faced construction.
- The images shown may include colors that are not available.
- Clothing using recycled materials is part of our effort to support the reduction of waste and use of new materials. Ratios of recycled material vary by item. Please check ''Materials'' on the price tag or care label for details.', 790, NULL, -1, 'Clothing', 'https://image.uniqlo.com/UQ/ST3/AsianCommon/imagesgoods/461914/item/goods_09_461914_3x4.jpg?width=494', NULL, 7);
INSERT INTO "product" ("id", "name", "description", "price", "sale_price", "stock_quantity", "category", "thumbnail_image", "star_rating", "seller_id") VALUES (5, 'Oversized Pocket Crew Neck Half Sleeve T-Shirt', '- Oversized T-shirt with half-length sleeves and a pocket.
- Thick ribbed collar lends a rugged look.
- Durable 100% cotton T-shirt fabric.
- Moderately crisp, smooth feel.
- Keeps its shape after washing.
- Garment-washed for a distinctive texture.
- The images shown may include colors that are not available.', 790, NULL, 27, 'Clothing', 'https://image.uniqlo.com/UQ/ST3/AsianCommon/imagesgoods/446935/item/goods_24_446935_3x4.jpg?width=494', NULL, 7);
INSERT INTO "product" ("id", "name", "description", "price", "sale_price", "stock_quantity", "category", "thumbnail_image", "star_rating", "seller_id") VALUES (6, 'Beatrice Bed', 'Looking for a bed that keeps it simple but still makes your room look great? Meet the Beatrice Bed Frame—the perfect mix of cozy vibes and clean design. Whether it’s for a kid’s room, guest room, or your own chill zone, this bed brings style without trying too hard.', 18657, NULL, 4, 'Home', 'https://www.urbanconcepts.ph/wp/wp-content/uploads/2018/12/beatrice_singlebed_white.png', NULL, 7);
INSERT INTO "product" ("id", "name", "description", "price", "sale_price", "stock_quantity", "category", "thumbnail_image", "star_rating", "seller_id") VALUES (7, 'FLYGHÖJD', 'The timeless lamps in the FLYGHÖJD series offer a good and cosy general light – and every little detail helps to create an elegant expression that goes perfectly in homes with a traditional style.', 1649.28, NULL, 11, 'Home', 'https://www.ikea.com/lt/en/images/products/flyghoejd-table-lamp-brass-beige__1244488_pe921206_s5.jpg?f=xl', NULL, 7);
INSERT INTO "product" ("id", "name", "description", "price", "sale_price", "stock_quantity", "category", "thumbnail_image", "star_rating", "seller_id") VALUES (8, 'Pickleball Paddle Kuikma Open - Blue', 'The Kuikma Open paddle is made up of glass fibre faces with a polypropylene honeycomb core, making Pickleball accessible to everyone thanks to its comfort, tolerance and handling
Our design teams have developed this Kuikma Open paddle for Pickleball beginners who want to play regularly.', 1490, NULL, 14, 'Sports', 'https://contents.mediadecathlon.com/p2826038/k$e4041aee2387734fca74301b29dde496/pickleball-paddle-kuikma-open-blue-kuikma-8941064.jpg', NULL, 7);
INSERT INTO "product" ("id", "name", "description", "price", "sale_price", "stock_quantity", "category", "thumbnail_image", "star_rating", "seller_id") VALUES (9, 'Blade 100L V9 Tennis Performance Racket', 'Racket Material: GRAPHITE
Head (sq cm): 645
Head (sq in): 100
Length (cm): 68.58
Length (in): 27
String Pattern: 16X19
Strung balance (cm): 34
Strung balance (pts): -1
Strung weight (grams): 301
Strung weight (ounces): 10.62
Taper System (mm): 22 MM FB
Unstrung balance (cm): 33
Unstrung balance (pts): -4
Unstrung weight (grams): 285', 13945.5, NULL, 3, 'Sports', 'https://ph.wilson.com/cdn/shop/files/ph-11134211-7rasl-m5b1risi18hv20.jpg?v=1737525098&width=1800', NULL, 7);
INSERT INTO "product" ("id", "name", "description", "price", "sale_price", "stock_quantity", "category", "thumbnail_image", "star_rating", "seller_id") VALUES (10, 'Cetaphil Daily Advance Ultra Hydrating Lotion Dry&Sensitive Skin 473ml', 'Cetaphil Daily Advance Ultra Hydrating Lotion Dry&Sensitive Skin 473ml is a deeply hydrating lotion specially formulated for dry to very dry skin. With a unique formula, this product ensures continuous hydration for 48 hours after application. With hydrating and water-retaining ingredients like Shea Butter and Glycerin, this product is able to deeply nourish, soothe and also protect the skin from external aggressors. Moreover, the Panthenol in the formulation, not only hydrates the skin but also soothes and quickly relieves any feeling of discomfort. In addition, the presence of Niacinamide provides anti-inflammatory properties and increases ceramide synthesis, which leads to a reduction of discomfort and improvement of the skin barrier.', 1894.93, NULL, 23, 'Beauty', 'https://static.beautytocare.com/media/catalog/product/c/e/cetaphil-daily-advance-ultra-hydrating-lotion-dry-sensitive-skin-473ml_1.png', NULL, 7);
INSERT INTO "product" ("id", "name", "description", "price", "sale_price", "stock_quantity", "category", "thumbnail_image", "star_rating", "seller_id") VALUES (11, 'CREAMSILK Cream Silk Ultimate Reborn Standout Straight Conditioner 180ml', 'You want things to be manageable? This unique formula co-created with Yuko Yamashita has Argan Oil and Fresh Floral Fragrance to make hair smooth &, fragrant.

Ingredients: 
Water, Sodium Laureth Sulfate, Dimethiconol, Cocamidopropyl Betaine, Perfume, Sodium Chloride, Carbomer, TEA-Dodecylbenzenesulfonate, Guar Hydroxypropyltrimonium Chloride, TEA-Sulfate, Citric Acid, Disodium EDTA, Mica, Sodium Benzoate, Cyclotetrasiloxane, Phenoxyethanol, DMDM Hydantoin, Titanium Dioxide, Magnesium Nitrate, Lysine HCl, Camellia Oleifera Seed Oil, Cocos Nucifera (Coconut) Oil, Prunus Amygdalus Dulcis (Sweet Almond) Oil, Olea Europaea (Olive) Fruit Oil, Argania Spinosa Kernel Oil, Methylchloroisothiazolinone, Magnesium Chloride, Iodopropynyl Butylcarbamate, Methylisothiazolinone, Acetic Acid, Sodium Sulfate, CI 17200', 175, NULL, 64, 'Beauty', 'https://medias.watsons.com.ph/publishing/10060440-HBpH8bzs-zoom.png?version=1766478190', NULL, 7);
INSERT INTO "product" ("id", "name", "description", "price", "sale_price", "stock_quantity", "category", "thumbnail_image", "star_rating", "seller_id") VALUES (12, 'N Series Agility', 'The Nerf brand levels up your game with high-performance Nerf N Series Agility dart blasters and Nerf N1 darts! You have the skills as a Nerf battler, now you have the blaster and darts to gain a superior edge in indoor and outdoor play. From the creators of the foam dart, the Nerf brand unleashes the next evolution in foam dart blasting with Nerf N Series N1 darts, delivering Extreme accuracy, speed, and distance! The Nerf N Series Agility dart blaster is built for games in which the action never stops and neither do you! Lightweight, compact, and simple to use, it''s a great blaster essential for your Nerf stockpile. The Nerf N Series Agility blaster has a rotating drum with 6-dart capacity, includes 12 Nerf N1 foam darts, and has pull back priming. To play, load darts into the drum, pull back the priming slide, and pull the trigger to fire a dart. Nerf N Series blasters are compatible only with Nerf N Series N1 darts. Eyewear recommended (not included).', 400, NULL, 7, 'Toys', 'https://rustans.com/cdn/shop/files/3262222FRONT.jpg?v=1727336460&width=800', NULL, 7);
INSERT INTO "product" ("id", "name", "description", "price", "sale_price", "stock_quantity", "category", "thumbnail_image", "star_rating", "seller_id") VALUES (13, 'Iphone X 256 GB', 'Cool Iphone', 16590, NULL, 0, 'Electronics', 'https://ola.com.ph/wp-content/uploads/apple-iphone-x-sliver-1.jpg', NULL, 7);
INSERT INTO "product" ("id", "name", "description", "price", "sale_price", "stock_quantity", "category", "thumbnail_image", "star_rating", "seller_id") VALUES (14, 'Iphone 14', '6.1 Display', 31490, NULL, 4, 'Electronics', 'https://d1rlzxa98cyc61.cloudfront.net/catalog/product/1/8/184908_2022.jpg?auto=webp&format=pjpg&width=640', 5, 7);
SELECT setval('"product_id_seq"', (SELECT MAX(id) FROM "product"));
INSERT INTO "review" ("id", "rating", "comment", "created_at", "seller_reply", "replied_at", "user_id", "product_id", "order_id") VALUES (1, 5, 'This product is amazing', '2026-05-15 17:22:40', NULL, NULL, 9, 14, 7);
SELECT setval('"review_id_seq"', (SELECT MAX(id) FROM "review"));
INSERT INTO "cart" ("id", "user_id") VALUES (1, 2);
INSERT INTO "cart" ("id", "user_id") VALUES (2, 6);
INSERT INTO "cart" ("id", "user_id") VALUES (3, 8);
INSERT INTO "cart" ("id", "user_id") VALUES (4, 9);
SELECT setval('"cart_id_seq"', (SELECT MAX(id) FROM "cart"));
INSERT INTO "cart_item" ("id", "quantity", "product_id", "cart_id") VALUES (16, 1, 3, 1);
SELECT setval('"cart_item_id_seq"', (SELECT MAX(id) FROM "cart_item"));
INSERT INTO "order" ("id", "total_amount", "order_status", "tracking_number", "created_at", "reference_number", "payment_mode", "delivery_address", "user_id") VALUES (1, 3999, 'Paid via Mock API', 'GCASH-50344', '2026-05-12 19:39:00', 'ORD-436512', 'GCash', 'Cebu City', 2);
INSERT INTO "order" ("id", "total_amount", "order_status", "tracking_number", "created_at", "reference_number", "payment_mode", "delivery_address", "user_id") VALUES (2, 19995, 'Pending COD', 'COD-1778672427291', '2026-05-13 19:40:27', 'ORD-3E3163', 'Cash on Delivery', 'Cebu City', 2);
INSERT INTO "order" ("id", "total_amount", "order_status", "tracking_number", "created_at", "reference_number", "payment_mode", "delivery_address", "user_id") VALUES (3, 5600, 'Pending COD', 'COD-1778720969009', '2026-05-14 09:09:29', 'ORD-2620DC', 'Cash on Delivery', 'Capitol Cebu', 6);
INSERT INTO "order" ("id", "total_amount", "order_status", "tracking_number", "created_at", "reference_number", "payment_mode", "delivery_address", "user_id") VALUES (4, 2499, 'Paid via Mock API', 'GCASH-42435', '2026-05-14 19:21:53', 'ORD-3E74C4', 'GCash', 'Cebu City', 2);
INSERT INTO "order" ("id", "total_amount", "order_status", "tracking_number", "created_at", "reference_number", "payment_mode", "delivery_address", "user_id") VALUES (5, 16590, 'Out for Delivery', 'GCASH-77933', '2026-05-15 17:02:01', 'ORD-8E669F', 'GCash', 'Cebu City', 8);
INSERT INTO "order" ("id", "total_amount", "order_status", "tracking_number", "created_at", "reference_number", "payment_mode", "delivery_address", "user_id") VALUES (6, 790, 'Pending COD', 'COD-1778836042701', '2026-05-15 17:07:22', 'ORD-38E572', 'Cash on Delivery', 'Cebu City', 8);
INSERT INTO "order" ("id", "total_amount", "order_status", "tracking_number", "created_at", "reference_number", "payment_mode", "delivery_address", "user_id") VALUES (7, 31490, 'Completed', 'GCASH-76421', '2026-05-15 17:21:13', 'ORD-FEF30C', 'GCash', 'Cebu City', 9);
INSERT INTO "order" ("id", "total_amount", "order_status", "tracking_number", "created_at", "reference_number", "payment_mode", "delivery_address", "user_id") VALUES (8, 16944.5, 'Pending COD', 'COD-1778849352491', '2026-05-15 20:49:12', 'ORD-9313CD', 'Cash on Delivery', 'Cebu City', 2);
INSERT INTO "order" ("id", "total_amount", "order_status", "tracking_number", "created_at", "reference_number", "payment_mode", "delivery_address", "user_id") VALUES (9, 400, 'Paid via Mock API', 'GCASH-23028', '2026-05-19 11:44:18', 'ORD-209A22', 'GCash', 'Cebu City', 2);
SELECT setval('"order_id_seq"', (SELECT MAX(id) FROM "order"));
INSERT INTO "order_item" ("id", "quantity", "price", "product_id", "order_ref_id") VALUES (1, 1, 3999, 1, 1);
INSERT INTO "order_item" ("id", "quantity", "price", "product_id", "order_ref_id") VALUES (2, 5, 3999, 1, 2);
INSERT INTO "order_item" ("id", "quantity", "price", "product_id", "order_ref_id") VALUES (3, 1, 5600, 2, 3);
INSERT INTO "order_item" ("id", "quantity", "price", "product_id", "order_ref_id") VALUES (4, 1, 2499, 3, 4);
INSERT INTO "order_item" ("id", "quantity", "price", "product_id", "order_ref_id") VALUES (5, 1, 16590, 13, 5);
INSERT INTO "order_item" ("id", "quantity", "price", "product_id", "order_ref_id") VALUES (6, 1, 790, 5, 6);
INSERT INTO "order_item" ("id", "quantity", "price", "product_id", "order_ref_id") VALUES (7, 1, 31490, 14, 7);
INSERT INTO "order_item" ("id", "quantity", "price", "product_id", "order_ref_id") VALUES (8, 1, 2999, 1, 8);
INSERT INTO "order_item" ("id", "quantity", "price", "product_id", "order_ref_id") VALUES (9, 1, 13945.5, 9, 8);
INSERT INTO "order_item" ("id", "quantity", "price", "product_id", "order_ref_id") VALUES (10, 1, 400, 12, 9);
SELECT setval('"order_item_id_seq"', (SELECT MAX(id) FROM "order_item"));
INSERT INTO "support_ticket" ("id", "subject", "message", "status", "admin_reply", "created_at", "attachment_path", "user_id", "related_order_id") VALUES (1, 'Missing Item', 'I ordered 3 notebooks but only received 2.', 'In Progress', 'This is noted.', '2026-05-14 19:26:52', NULL, 2, 4);
INSERT INTO "support_ticket" ("id", "subject", "message", "status", "admin_reply", "created_at", "attachment_path", "user_id", "related_order_id") VALUES (2, 'Defect Item', 'Item was broken when I opened the package', 'In Progress', 'Okay, this is noted', '2026-05-14 19:31:19', NULL, 2, 2);
INSERT INTO "support_ticket" ("id", "subject", "message", "status", "admin_reply", "created_at", "attachment_path", "user_id", "related_order_id") VALUES (3, 'Wrong Item', 'I received the wrong item', 'In Progress', 'This is noted.', '2026-05-15 17:09:27', NULL, 2, 4);
INSERT INTO "support_ticket" ("id", "subject", "message", "status", "admin_reply", "created_at", "attachment_path", "user_id", "related_order_id") VALUES (4, 'Defect Item', 'The product got broken and I only used it for one hour', 'In Progress', 'Okay, we''ll look into this.', '2026-05-15 17:24:35', NULL, 9, 7);
INSERT INTO "support_ticket" ("id", "subject", "message", "status", "admin_reply", "created_at", "attachment_path", "user_id", "related_order_id") VALUES (5, 'Bad item', 'I hate this item', 'In Progress', 'Okay, noted dol', '2026-05-19 11:46:56', NULL, 2, 9);
SELECT setval('"support_ticket_id_seq"', (SELECT MAX(id) FROM "support_ticket"));
INSERT INTO "notification" ("id", "message", "link", "is_read", "created_at", "user_id") VALUES (1, 'Price Drop Alert: Nokia 105 2019 Charcoal Black is now on sale for ₱2,999.00!', '/product/1', 0, '2026-05-14 19:30:10', 2);
INSERT INTO "notification" ("id", "message", "link", "is_read", "created_at", "user_id") VALUES (2, 'A customer left a 5-star review on Iphone 14.', '/product/14', 0, '2026-05-15 17:22:40', 7);
SELECT setval('"notification_id_seq"', (SELECT MAX(id) FROM "notification"));
INSERT INTO "wishlist" ("id", "is_notified", "user_id", "product_id") VALUES (1, 0, 2, 1);
INSERT INTO "wishlist" ("id", "is_notified", "user_id", "product_id") VALUES (2, 0, 8, 13);
INSERT INTO "wishlist" ("id", "is_notified", "user_id", "product_id") VALUES (3, 0, 9, 14);
SELECT setval('"wishlist_id_seq"', (SELECT MAX(id) FROM "wishlist"));
SET session_replication_role = DEFAULT;
